DECLARE
    ------------------------------
    -- CONSTANTES CONFIGURABLES --
    ------------------------------
    C_COD_TIPO_SOL_TPADRE CONSTANT WFW_TIPO_SOLICITUD.COD_TIPO_SOL%TYPE := 'PM';
    C_NOMBRE_TIPO_SOL_PADRE CONSTANT WFW_TIPO_SOLICITUD.NOMBRE%TYPE := 'Permisos de Matrícula'; -- Título del trámite padre (Cuadro principal del menú)

    C_ROL_ALUMNO CONSTANT WFW_ROL.NOMBRE%TYPE := 'ALUMNO_UPC';
    C_ROL_COUNTER_PM CONSTANT WFW_ROL.NOMBRE%TYPE := 'COUNTER PM';
    C_ROL_DIRECTOR CONSTANT WFW_ROL.NOMBRE%TYPE := 'DIRECTOR CDA';

    C_NOMBRE_GRUPO_TRAMITE_PADRE CONSTANT WFW_GRUPO_TRAMITE.NOMBRE_GRUPO_TRAMITE%TYPE := 'Permisos de Matrícula'; -- Título de acordeon (Grupo Padre)

    C_FECHA_INICIO_VIGENCIA_P1 CONSTANT WFW_VIGENCIA_TRAMITE.FECHA_INICIO%TYPE := TO_DATE('01-11-2018', 'dd-mm-yyyy'); -- Modificar aqui
    C_FECHA_FIN_VIGENCIA_P1 CONSTANT WFW_VIGENCIA_TRAMITE.FECHA_INICIO%TYPE := TO_DATE('28-02-2019', 'dd-mm-yyyy'); -- Modificar aqui

    C_PERIODO_P1 CONSTANT WFW_VIGENCIA_TRAMITE.COD_PERIODO%TYPE := '201702'; -- Modificar aqui

    C_TIPO_PAGO CONSTANT WFW_TIPO_SOL_CONFIG.TIPO_PAGO%TYPE := 'BCO|BOL';   -- Modificar aquí, real asignado BCO
    C_CODIGO_SPRINT CONSTANT WFW_TIPO_SOL_CONFIG.CODIGO_SPRINT%TYPE := '60700425'; -- Modificar aqui, real asignado 60700425

    C_NOMBRE_TABLA_TIPO_PROCESO CONSTANT WFW_MAESTRO.NOMBRE_TABLA%TYPE := 'TIPO_PROCESO';

    C_COD_REQUISITO_VDEUDA CONSTANT WFW_REQUISITO.COD_REQUISITO%TYPE := 'VALDE';
    C_COD_REQUISITO_VSANCION CONSTANT WFW_REQUISITO.COD_REQUISITO%TYPE := 'VALSANCION';--

    C_COD_REQUISITO_VPERMATR CONSTANT WFW_REQUISITO.COD_REQUISITO%TYPE := 'VALPERMATR'; -- NEW--        
    C_COD_REQUISITO_VPERSOLI CONSTANT WFW_REQUISITO.COD_REQUISITO%TYPE := 'VALPERSOLI'; -- NEW--        
    C_COD_REQUISITO_VBAJA CONSTANT WFW_REQUISITO.COD_REQUISITO%TYPE := 'VALBAJAACA';--NEW
    C_COD_REQUISITO_VEGR CONSTANT WFW_REQUISITO.COD_REQUISITO%TYPE := 'VALEGRESAD'; -- NEW--
    -- C_COD_REQUISITO_VPERMANENCIA CONSTANT WFW_REQUISITO.COD_REQUISITO%TYPE := 'VALECARTAP'; -- NEW--
    C_COD_REQUISITO_VCARGAHABIL CONSTANT WFW_REQUISITO.COD_REQUISITO%TYPE := 'VALCARGAHA'; -- NEW--

    C_ROL_BANDEJA CONSTANT WFW_ROL.NOMBRE%TYPE := 'BANDEJA MODALIDAD';
    C_USER VARCHAR2(50) := USER;

    -------------------------------
    -- VARIABLES DE ACOPLAMIENTO --
    -------------------------------
    V_COD_TIPO_SOL WFW_TIPO_SOLICITUD.COD_TIPO_SOL%TYPE;
    V_NOMBRE_TRAMITE WFW_GRUPO_TRAMITE.NOMBRE_GRUPO_TRAMITE%TYPE;
    V_TIPO_SOLICITUD_ID_PADRE WFW_TIPO_SOLICITUD.TIPO_SOLICITUD_ID%TYPE;
    V_TIPO_SOLICITUD_ID WFW_TIPO_SOLICITUD.TIPO_SOLICITUD_ID%TYPE;
    V_TIPO_SOLICITUD_MOD_ID_PAD_AC WFW_TIPO_SOLICITUD_MOD.TIPO_SOLICITUD_MOD_ID%TYPE;
    V_TIPO_SOLICITUD_MOD_ID_PAD_FC WFW_TIPO_SOLICITUD_MOD.TIPO_SOLICITUD_MOD_ID%TYPE;
    V_TIPO_SOLICITUD_MOD_ID_AC WFW_TIPO_SOLICITUD_MOD.TIPO_SOLICITUD_MOD_ID%TYPE;
    V_TIPO_SOLICITUD_MOD_ID_FC WFW_TIPO_SOLICITUD_MOD.TIPO_SOLICITUD_MOD_ID%TYPE;
    V_COD_GRUPO_TRAMITE_PADRE_G WFW_GRUPO_TRAMITE.COD_GRUPO_TRAMITE%TYPE;
    V_COD_GRUPO_TRAMITE_PADRE_SG WFW_GRUPO_TRAMITE.COD_GRUPO_TRAMITE%TYPE;
    V_COD_GRUPO_TRAMITE WFW_GRUPO_TRAMITE.COD_GRUPO_TRAMITE%TYPE;
    V_GRUPO_TRAMITE_ID WFW_GRUPO_TRAMITE.GRUPO_TRAMITE_ID%TYPE;
    V_TIEMPO_PROCESO WFW_TIPO_SOLICITUD.TIEMPO_PROCESO%TYPE;
    V_NOMBRE_TRAMITE_NOTIF VARCHAR(100);
    V_MAX_NUM_COPIAS WFW_TIPO_SOL_CONFIG.MAX_NUM_COPIAS%TYPE;

    V_ACTIVIDAD_ID_REGISTRO WFW_ACTIVIDAD.ACTIVIDAD_ID%TYPE;
    V_ACTIVIDAD_ID_PAGO WFW_ACTIVIDAD.ACTIVIDAD_ID%TYPE;
    V_ACTIVIDAD_ID_EVAL_DIRECTOR WFW_ACTIVIDAD.ACTIVIDAD_ID%TYPE;
    V_ACTIVIDAD_ID_EVAL_VICE WFW_ACTIVIDAD.ACTIVIDAD_ID%TYPE;
    V_ACTIVIDAD_ID_EVAL_SECRE WFW_ACTIVIDAD.ACTIVIDAD_ID%TYPE;
    V_ACTIVIDAD_ID_GESTION_OBS WFW_ACTIVIDAD.ACTIVIDAD_ID%TYPE;
    V_COD_CERTIFICADO_AC WGD_CERTIFICADO.COD_CERTIFICADO%TYPE;
    V_COD_CERTIFICADO_FC WGD_CERTIFICADO.COD_CERTIFICADO%TYPE;
    V_COD_CERTIFICADO WGD_CERTIFICADO.COD_CERTIFICADO%TYPE;
    V_COD_MODALIDAD_ESTUDIO WGD_CERTIFICADO.COD_MODAL_EST%TYPE;

    V_RUTA_TRAMITE WFW_MAESTRO.DESCRIPCION%TYPE;
    V_CODIGO_NUM WFW_MAESTRO.CODIGO_NUM%TYPE;

    ----------------------
    -- TIEMPO EJECUCIÓN --
    ----------------------
    V_TIME_START TIMESTAMP;
    V_TIME_END TIMESTAMP;

    -- Modalidades
    CURSOR cur_modalidad is
    select 'AC' AS COD_MODAL_EST, 'PREGRADO-UPC' AS NOMBRE FROM DUAL union all 
    select 'FC' AS COD_MODAL_EST, 'ESTUDIO PROFESIONALES PARA EJECUTIVOS' AS NOMBRE FROM DUAL;

    -- Estados solicitud
    CURSOR cur_estado_sol is
    SELECT 'TERMINADA' as ESTADO, 'PROCEDE' as SUBESTADO from dual union all
    select 'TERMINADA' as ESTADO, 'NO PROCEDE' as SUBESTADO from dual union all
    select 'TERMINADA' as ESTADO, 'PROCEDE PARCIALMENTE' as SUBESTADO from dual union all
    select 'ANULADA' as ESTADO, 'ANULADA' as SUBESTADO from dual;

BEGIN
    -- MATRICULARME EN ASIGNATURAS CON DISPERSIÓN MAYOR A 3 NIVELES
    BEGIN
        V_COD_TIPO_SOL := 'DISP';
        V_NOMBRE_TRAMITE := 'Llevar cursos por dispersión de niveles';   -- Fila del Grupo (Grupo Padre)

        V_TIEMPO_PROCESO := 1;   -- TIEMPO TOTAL DEL TRÁMITE, ES LA SUMA DE LOS DÍAS DE CADA ACTIVIDAD ->JONATHAN:CONSULTAR 

        V_NOMBRE_TRAMITE_NOTIF := 'Llevar cursos por dispersión de niveles';  -- Notificación de correo

        V_MAX_NUM_COPIAS := 8; --JONATHAN:CONSULTAR

        SELECT TIPO_SOLICITUD_ID INTO V_TIPO_SOLICITUD_ID_PADRE FROM WFW_TIPO_SOLICITUD
        WHERE COD_TIPO_SOL = C_COD_TIPO_SOL_TPADRE;    

        --------------------
        -- TIPO SOLICITUD --
        --------------------
        DBMS_OUTPUT.PUT_LINE('1 '|| to_char(sysdate,'DD/MM/YYYY HH:MI:SS')  );

        INSERT INTO WFW_TIPO_SOLICITUD (COD_TIPO_SOL, NOMBRE, TIEMPO_PROCESO, ACTIVO, USUARIO_CREA, USUARIO_MOD, FECHA_CREA, FECHA_MOD, MOTIVO_DESHABILITA, TIEMPO_PROCESO_EXT, TIPO_TRAMITE, TIPO_SOLICITUD_ID_PADRE, GRUPO_TRAMITE_ID, ORDEN_TRAMITE, ORDEN_SUB_TRAMITE, TIPO_PROCESO, RUTA_TRAMITE, COD_TIPO_PERFIL)
        VALUES (V_COD_TIPO_SOL, V_NOMBRE_TRAMITE, V_TIEMPO_PROCESO, 1, C_USER, NULL, SYSDATE, NULL, NULL, 0, 2, V_TIPO_SOLICITUD_ID_PADRE, NULL, 0, 5, (SELECT CODIGO_NUM FROM WFW_MAESTRO WHERE NOMBRE_TABLA = 'TIPO_PROCESO' AND DESCRIPCION = 'SIN PROCESO'), 'DispersionNiveles/AvisosM', 'ALU');
        SELECT WFWSQ_TIPO_SOL_ID.CURRVAL INTO V_TIPO_SOLICITUD_ID FROM DUAL;

        -------------
        -- MAESTRO --
        -------------
        -- LINK MODELO
        DBMS_OUTPUT.PUT_LINE('2 '|| to_char(sysdate,'DD/MM/YYYY HH:MI:SS')  );       

        INSERT INTO WFW_MAESTRO
        (ID_TABLA, NOMBRE_TABLA, CODIGO_NUM, CODIGO_STR, DESCRIPCION, ACTIVO, USUARIO_CREA, FECHA_CREA)
        VALUES
        ((SELECT MAX(ID_TABLA) FROM WFW_MAESTRO WHERE NOMBRE_TABLA = 'LINK_MODELO'), 'LINK_MODELO', null, V_TIPO_SOLICITUD_ID, 'http://www.upc.edu.pe/sites/default/files/upc/home/sub_secciones/es/contacto_upc/sub_paginas/tutoriales_de_tramites/pagina_secundaria_descargas/instructivo-emision-de-silabo-12.12.pdf', 1, C_USER, SYSDATE);

        ------------------------
        -- TIPO SOLICITUD ROL --
        ------------------------
        DBMS_OUTPUT.PUT_LINE('3 '|| to_char(sysdate,'DD/MM/YYYY HH:MI:SS')  );              
        --Esta tabla es !!Quienes van a poder registrar la solicitud!! lado Front-ed en este caso el "Counter"
        INSERT INTO WFW_TIPO_SOLICITUD_ROL (TIPO_SOLICITUD_ID, ROL_ID, ACTIVO, USUARIO_CREA, FECHA_CREA)
        VALUES (V_TIPO_SOLICITUD_ID, (SELECT ROL_ID FROM WFW_ROL WHERE NOMBRE = C_ROL_ALUMNO), 1, C_USER, SYSDATE);

        INSERT INTO WFW_TIPO_SOLICITUD_ROL (TIPO_SOLICITUD_ID, ROL_ID, ACTIVO, USUARIO_CREA, FECHA_CREA)
        VALUES (V_TIPO_SOLICITUD_ID, (SELECT ROL_ID FROM WFW_ROL WHERE NOMBRE = C_ROL_COUNTER_PM), 1, C_USER, SYSDATE);

        ------------------------
        -- TIPO SOLICITUD MOD --
        ------------------------
        DBMS_OUTPUT.PUT_LINE('4 '|| to_char(sysdate,'DD/MM/YYYY HH:MI:SS')  );              

        -- AC
        INSERT INTO WFW_TIPO_SOLICITUD_MOD(TIPO_SOLICITUD_ID, COD_LINEA_NEGOCIO, COD_MODAL_ESTUDIO, DESC_LINEA_NEGO, DESC_MODALIDAD, ACTIVO, USUARIO_CREA, FECHA_CREA)
        VALUES(V_TIPO_SOLICITUD_ID, 'U', 'AC', 'UPC', 'PREGRADO-UPC', 1, C_USER, SYSDATE);
        SELECT WFWSQ_TIPO_SOLICITUD_MOD.CURRVAL INTO V_TIPO_SOLICITUD_MOD_ID_AC FROM DUAL;

        -- FC
        INSERT INTO WFW_TIPO_SOLICITUD_MOD(TIPO_SOLICITUD_ID, COD_LINEA_NEGOCIO, COD_MODAL_ESTUDIO, DESC_LINEA_NEGO, DESC_MODALIDAD, ACTIVO, USUARIO_CREA, FECHA_CREA)
        VALUES(V_TIPO_SOLICITUD_ID, 'U', 'FC', 'UPC', 'Estudios Profesionales para Ejecutivos', 1, C_USER, SYSDATE);
        SELECT WFWSQ_TIPO_SOLICITUD_MOD.CURRVAL INTO V_TIPO_SOLICITUD_MOD_ID_FC FROM DUAL;

        ------------------
        -- REGISTRO ROL -- JONATHAN:CONSULTAR
        ------------------
        DBMS_OUTPUT.PUT_LINE('5 '|| to_char(sysdate,'DD/MM/YYYY HH:MI:SS')  );                     
        --Esto es para que el perfil "Counter" pueda revisar el registro de la solicitud(Lado Front-ed)
        -- AC
        INSERT INTO WFW_REGISTRO_ROL(ROL_ID, TIPO_SOLICITUD_MOD_ID, ACTIVO, USUARIO_CREA, FECHA_CREA)
        VALUES((SELECT ROL_ID FROM WFW_ROL WHERE NOMBRE = C_ROL_ALUMNO), V_TIPO_SOLICITUD_MOD_ID_AC, 1, C_USER, SYSDATE);

        INSERT INTO WFW_REGISTRO_ROL(ROL_ID, TIPO_SOLICITUD_MOD_ID, ACTIVO, USUARIO_CREA, FECHA_CREA)
        VALUES((SELECT ROL_ID FROM WFW_ROL WHERE NOMBRE = C_ROL_COUNTER_PM), V_TIPO_SOLICITUD_MOD_ID_AC, 1, C_USER, SYSDATE);

        -- FC --
        INSERT INTO WFW_REGISTRO_ROL(ROL_ID, TIPO_SOLICITUD_MOD_ID, ACTIVO, USUARIO_CREA, FECHA_CREA)
        VALUES((SELECT ROL_ID FROM WFW_ROL WHERE NOMBRE = C_ROL_ALUMNO), V_TIPO_SOLICITUD_MOD_ID_FC, 1, C_USER, SYSDATE);

        INSERT INTO WFW_REGISTRO_ROL(ROL_ID, TIPO_SOLICITUD_MOD_ID, ACTIVO, USUARIO_CREA, FECHA_CREA)
        VALUES((SELECT ROL_ID FROM WFW_ROL WHERE NOMBRE = C_ROL_COUNTER_PM), V_TIPO_SOLICITUD_MOD_ID_FC, 1, C_USER, SYSDATE);

        ----------------------
        -- VIGENCIA TRAMITE --
        ----------------------
        DBMS_OUTPUT.PUT_LINE('6 '|| to_char(sysdate,'DD/MM/YYYY HH:MI:SS')  );              

        -- AC
        INSERT INTO WFW_VIGENCIA_TRAMITE(TIPO_SOLICITUD_ID, FECHA_INICIO, FECHA_FIN, TIPO_SOLICITUD_MOD_ID, COD_MODULO, COD_PERIODO, ACTIVO, USUARIO_CREA, FECHA_CREA)
        VALUES(V_TIPO_SOLICITUD_ID, C_FECHA_INICIO_VIGENCIA_P1, C_FECHA_FIN_VIGENCIA_P1, V_TIPO_SOLICITUD_MOD_ID_AC, 'RE', C_PERIODO_P1, 1, C_USER, SYSDATE);

        -- FC
        INSERT INTO WFW_VIGENCIA_TRAMITE(TIPO_SOLICITUD_ID, FECHA_INICIO, FECHA_FIN, TIPO_SOLICITUD_MOD_ID, COD_MODULO, COD_PERIODO, ACTIVO, USUARIO_CREA, FECHA_CREA)
        VALUES(V_TIPO_SOLICITUD_ID, C_FECHA_INICIO_VIGENCIA_P1, C_FECHA_FIN_VIGENCIA_P1, V_TIPO_SOLICITUD_MOD_ID_FC, 'RE', C_PERIODO_P1, 1, C_USER, SYSDATE);

        -- Se obtiene grupo padre --      
        SELECT GRUPO_TRAMITE_ID INTO V_GRUPO_TRAMITE_ID FROM WFW_GRUPO_TRAMITE  WHERE TIPO_SOLICITUD_ID_PADRE IN 
        (SELECT TIPO_SOLICITUD_ID FROM WFW_TIPO_SOLICITUD TS WHERE TS.COD_TIPO_SOL = C_COD_TIPO_SOL_TPADRE) AND TIPO_GRUPO_TRAMITE = 
        (SELECT CODIGO_NUM FROM WFW_MAESTRO WHERE NOMBRE_TABLA = 'TIPO_GRUPO_TRAMITE' AND DESCRIPCION = 'GRUPO');        

        SELECT COD_GRUPO_TRAMITE INTO V_COD_GRUPO_TRAMITE_PADRE_G FROM WFW_GRUPO_TRAMITE  WHERE TIPO_SOLICITUD_ID_PADRE IN 
        (SELECT TIPO_SOLICITUD_ID FROM WFW_TIPO_SOLICITUD TS WHERE TS.COD_TIPO_SOL = C_COD_TIPO_SOL_TPADRE) AND TIPO_GRUPO_TRAMITE = 
        (SELECT CODIGO_NUM FROM WFW_MAESTRO WHERE NOMBRE_TABLA = 'TIPO_GRUPO_TRAMITE' AND DESCRIPCION = 'GRUPO');        

        UPDATE WFW_TIPO_SOLICITUD
        SET
        GRUPO_TRAMITE_ID = V_GRUPO_TRAMITE_ID
        WHERE
        TIPO_SOLICITUD_ID = V_TIPO_SOLICITUD_ID;

        --------------------
        --  GRUPO TRÁMITE --
        --------------------
        DBMS_OUTPUT.PUT_LINE('7 '|| to_char(sysdate,'DD/MM/YYYY HH:MI:SS')  );                     

        SELECT CONCAT('GRP', LPAD(NVL(MAX(SUBSTR(COD_GRUPO_TRAMITE, 4)), 0) + 1, 3, '0')) INTO V_COD_GRUPO_TRAMITE_PADRE_SG FROM WFW_GRUPO_TRAMITE;
        INSERT INTO WFW_GRUPO_TRAMITE (COD_GRUPO_TRAMITE, NOMBRE_GRUPO_TRAMITE, DESCRI_GRUPO_TRAMITE, TIPO_SOLICITUD_ID_PADRE, ACTIVO, USUARIO_CREA, USUARIO_MOD, FECHA_CREA, FECHA_MOD, ORDEN, TIPO_GRUPO_TRAMITE)
        VALUES (V_COD_GRUPO_TRAMITE_PADRE_SG, V_NOMBRE_TRAMITE, V_NOMBRE_TRAMITE, V_TIPO_SOLICITUD_ID_PADRE, 1, C_USER, NULL, SYSDATE, NULL, (SELECT MAX(ORDEN) + 1 FROM WFW_GRUPO_TRAMITE WHERE TIPO_SOLICITUD_ID_PADRE = V_TIPO_SOLICITUD_ID_PADRE), (SELECT CODIGO_NUM FROM WFW_MAESTRO WHERE NOMBRE_TABLA = 'TIPO_GRUPO_TRAMITE' AND DESCRIPCION = 'SUB-GRUPO'));

        ----------------------------------
        --  TIPO GRUPO TRAMITE DET --
        ----------------------------------
        DBMS_OUTPUT.PUT_LINE('8 '|| to_char(sysdate,'DD/MM/YYYY HH:MI:SS')  );              

        INSERT INTO WFW_GRUPO_TRAMITE_DET(GRUPO_TRAMITE_ID, TIPO_SOLICITUD_ID, TIPO_GRUPO_TRAMITE, ACTIVO, USUARIO_CREA, FECHA_CREA)
        VALUES((SELECT GRUPO_TRAMITE_ID FROM WFW_GRUPO_TRAMITE WHERE COD_GRUPO_TRAMITE = V_COD_GRUPO_TRAMITE_PADRE_G AND TIPO_SOLICITUD_ID_PADRE = V_TIPO_SOLICITUD_ID_PADRE AND TIPO_GRUPO_TRAMITE = (SELECT CODIGO_NUM FROM WFW_MAESTRO WHERE NOMBRE_TABLA = 'TIPO_GRUPO_TRAMITE' AND DESCRIPCION = 'GRUPO')), V_TIPO_SOLICITUD_ID, 1, 1, C_USER, SYSDATE);

        INSERT INTO WFW_GRUPO_TRAMITE_DET(GRUPO_TRAMITE_ID, TIPO_SOLICITUD_ID, TIPO_GRUPO_TRAMITE, ACTIVO, USUARIO_CREA, FECHA_CREA)
        VALUES((SELECT GRUPO_TRAMITE_ID FROM WFW_GRUPO_TRAMITE WHERE COD_GRUPO_TRAMITE = V_COD_GRUPO_TRAMITE_PADRE_SG AND TIPO_SOLICITUD_ID_PADRE = V_TIPO_SOLICITUD_ID_PADRE AND TIPO_GRUPO_TRAMITE = (SELECT CODIGO_NUM FROM WFW_MAESTRO WHERE NOMBRE_TABLA = 'TIPO_GRUPO_TRAMITE' AND DESCRIPCION = 'SUB-GRUPO')), V_TIPO_SOLICITUD_ID, 2, 1, C_USER, SYSDATE);

        ------------------------------
        -- TABLA REQUISITO TIPO SOL --
        ------------------------------
        DBMS_OUTPUT.PUT_LINE('9 '|| to_char(sysdate,'DD/MM/YYYY HH:MI:SS')  );   

        -- AC
        INSERT INTO WFW_REQUISITOS_TIPO_SOL(COD_REQUISITO, TIPO_SOLICITUD_MOD_ID, RESULTADO, ORDEN, DETALLE_INASISTENCIA, ACTIVO, USUARIO_CREA, FECHA_CREA)
        VALUES(C_COD_REQUISITO_VDEUDA, V_TIPO_SOLICITUD_MOD_ID_AC, 'SI', 1, NULL, 0, C_USER, SYSDATE);

        INSERT INTO WFW_REQUISITOS_TIPO_SOL(COD_REQUISITO, TIPO_SOLICITUD_MOD_ID, RESULTADO, ORDEN, DETALLE_INASISTENCIA, ACTIVO, USUARIO_CREA, FECHA_CREA)
        VALUES(C_COD_REQUISITO_VSANCION, V_TIPO_SOLICITUD_MOD_ID_AC, 'SI', 1, NULL, 1, C_USER, SYSDATE);

        INSERT INTO WFW_REQUISITOS_TIPO_SOL(COD_REQUISITO, TIPO_SOLICITUD_MOD_ID, RESULTADO, ORDEN, DETALLE_INASISTENCIA, ACTIVO, USUARIO_CREA, FECHA_CREA)
        VALUES(C_COD_REQUISITO_VPERMATR, V_TIPO_SOLICITUD_MOD_ID_AC, 'SI', 1, NULL, 1, C_USER, SYSDATE);     

        INSERT INTO WFW_REQUISITOS_TIPO_SOL(COD_REQUISITO, TIPO_SOLICITUD_MOD_ID, RESULTADO, ORDEN, DETALLE_INASISTENCIA, ACTIVO, USUARIO_CREA, FECHA_CREA)
        VALUES(C_COD_REQUISITO_VPERSOLI, V_TIPO_SOLICITUD_MOD_ID_AC, 'SI', 1, NULL, 1, C_USER, SYSDATE);     

        INSERT INTO WFW_REQUISITOS_TIPO_SOL(COD_REQUISITO, TIPO_SOLICITUD_MOD_ID, RESULTADO, ORDEN, DETALLE_INASISTENCIA, ACTIVO, USUARIO_CREA, FECHA_CREA)
        VALUES(C_COD_REQUISITO_VBAJA, V_TIPO_SOLICITUD_MOD_ID_AC, 'SI', 1, NULL, 1, C_USER, SYSDATE);

        INSERT INTO WFW_REQUISITOS_TIPO_SOL(COD_REQUISITO, TIPO_SOLICITUD_MOD_ID, RESULTADO, ORDEN, DETALLE_INASISTENCIA, ACTIVO, USUARIO_CREA, FECHA_CREA)
        VALUES(C_COD_REQUISITO_VEGR, V_TIPO_SOLICITUD_MOD_ID_AC, 'SI', 1, NULL, 1, C_USER, SYSDATE);

        -- INSERT INTO WFW_REQUISITOS_TIPO_SOL(COD_REQUISITO, TIPO_SOLICITUD_MOD_ID, RESULTADO, ORDEN, DETALLE_INASISTENCIA, ACTIVO, USUARIO_CREA, FECHA_CREA)
        -- VALUES(C_COD_REQUISITO_VPERMANENCIA, V_TIPO_SOLICITUD_MOD_ID_AC, 'SI', 1, NULL, 1, C_USER, SYSDATE);     

        INSERT INTO WFW_REQUISITOS_TIPO_SOL(COD_REQUISITO, TIPO_SOLICITUD_MOD_ID, RESULTADO, ORDEN, DETALLE_INASISTENCIA, ACTIVO, USUARIO_CREA, FECHA_CREA)
        VALUES(C_COD_REQUISITO_VCARGAHABIL, V_TIPO_SOLICITUD_MOD_ID_AC, 'SI', 1, NULL, 1, C_USER, SYSDATE);     

        -- FC         
        INSERT INTO WFW_REQUISITOS_TIPO_SOL(COD_REQUISITO, TIPO_SOLICITUD_MOD_ID, RESULTADO, ORDEN, DETALLE_INASISTENCIA, ACTIVO, USUARIO_CREA, FECHA_CREA)
        VALUES(C_COD_REQUISITO_VDEUDA, V_TIPO_SOLICITUD_MOD_ID_FC, 'SI', 1, NULL, 0, C_USER, SYSDATE);

        INSERT INTO WFW_REQUISITOS_TIPO_SOL(COD_REQUISITO, TIPO_SOLICITUD_MOD_ID, RESULTADO, ORDEN, DETALLE_INASISTENCIA, ACTIVO, USUARIO_CREA, FECHA_CREA)
        VALUES(C_COD_REQUISITO_VSANCION, V_TIPO_SOLICITUD_MOD_ID_FC, 'SI', 1, NULL, 1, C_USER, SYSDATE);

        INSERT INTO WFW_REQUISITOS_TIPO_SOL(COD_REQUISITO, TIPO_SOLICITUD_MOD_ID, RESULTADO, ORDEN, DETALLE_INASISTENCIA, ACTIVO, USUARIO_CREA, FECHA_CREA)
        VALUES(C_COD_REQUISITO_VPERMATR, V_TIPO_SOLICITUD_MOD_ID_FC, 'SI', 1, NULL, 1, C_USER, SYSDATE);     

        INSERT INTO WFW_REQUISITOS_TIPO_SOL(COD_REQUISITO, TIPO_SOLICITUD_MOD_ID, RESULTADO, ORDEN, DETALLE_INASISTENCIA, ACTIVO, USUARIO_CREA, FECHA_CREA)
        VALUES(C_COD_REQUISITO_VPERSOLI, V_TIPO_SOLICITUD_MOD_ID_FC, 'SI', 1, NULL, 1, C_USER, SYSDATE);     

        INSERT INTO WFW_REQUISITOS_TIPO_SOL(COD_REQUISITO, TIPO_SOLICITUD_MOD_ID, RESULTADO, ORDEN, DETALLE_INASISTENCIA, ACTIVO, USUARIO_CREA, FECHA_CREA)
        VALUES(C_COD_REQUISITO_VBAJA, V_TIPO_SOLICITUD_MOD_ID_FC, 'SI', 1, NULL, 1, C_USER, SYSDATE);

        INSERT INTO WFW_REQUISITOS_TIPO_SOL(COD_REQUISITO, TIPO_SOLICITUD_MOD_ID, RESULTADO, ORDEN, DETALLE_INASISTENCIA, ACTIVO, USUARIO_CREA, FECHA_CREA)
        VALUES(C_COD_REQUISITO_VEGR, V_TIPO_SOLICITUD_MOD_ID_FC, 'SI', 1, NULL, 1, C_USER, SYSDATE);

        -- INSERT INTO WFW_REQUISITOS_TIPO_SOL(COD_REQUISITO, TIPO_SOLICITUD_MOD_ID, RESULTADO, ORDEN, DETALLE_INASISTENCIA, ACTIVO, USUARIO_CREA, FECHA_CREA)
        -- VALUES(C_COD_REQUISITO_VPERMANENCIA, V_TIPO_SOLICITUD_MOD_ID_FC, 'SI', 1, NULL, 1, C_USER, SYSDATE);     

        INSERT INTO WFW_REQUISITOS_TIPO_SOL(COD_REQUISITO, TIPO_SOLICITUD_MOD_ID, RESULTADO, ORDEN, DETALLE_INASISTENCIA, ACTIVO, USUARIO_CREA, FECHA_CREA)
        VALUES(C_COD_REQUISITO_VCARGAHABIL, V_TIPO_SOLICITUD_MOD_ID_FC, 'SI', 1, NULL, 1, C_USER, SYSDATE);     

        -------------------------
        --  GLOSA TRAMITE --
        -------------------------
        -- AC
        -- Inicio Glosas obligatorias -> "Esto se ejecuta al enviar la solicitud"

        INSERT INTO WFW_GLOSA_TRAMITE(COD_GLOSA_TRAMITE, TIPO_SOLICITUD_MOD_ID, MENSAJE, ORDEN, ACTIVO, USUARIO_CREA, FECHA_CREA)
        VALUES('GL_VALTRA5', V_TIPO_SOLICITUD_MOD_ID_AC, 'Este trámite no se encuentra vigente. Fecha de vigencia [FCHV1] - [FCHV2].', 1, 1, C_USER, SYSDATE);

        INSERT INTO WFW_GLOSA_TRAMITE(COD_GLOSA_TRAMITE, TIPO_SOLICITUD_MOD_ID, MENSAJE, ORDEN, ACTIVO, USUARIO_CREA, FECHA_CREA)
        VALUES('GL_CREATR6', V_TIPO_SOLICITUD_MOD_ID_AC, 'Puedes verificar que tu trámite se encuentra registrado, ingresando a MI UPC/ Mis trámites/ Tramites en curso.', 1, 1, C_USER, SYSDATE);
        -- Fin Glosas obligatorias

        INSERT INTO WFW_GLOSA_TRAMITE(COD_GLOSA_TRAMITE, TIPO_SOLICITUD_MOD_ID, MENSAJE, ORDEN, ACTIVO, USUARIO_CREA, FECHA_CREA)
        VALUES('GL_INF01', V_TIPO_SOLICITUD_MOD_ID_PAD_AC, 'SOLICITUD DE PERMISOS PARA MATRÍCULA', 1, 1, C_USER, SYSDATE);

        INSERT INTO WFW_GLOSA_TRAMITE(COD_GLOSA_TRAMITE, TIPO_SOLICITUD_MOD_ID, MENSAJE, ORDEN, ACTIVO, USUARIO_CREA, FECHA_CREA)
        VALUES('GL_REQUISI', V_TIPO_SOLICITUD_MOD_ID_AC, 'Ud. no cuenta con los requisitos suficientes', 1, 1, C_USER, SYSDATE);

        INSERT INTO WFW_GLOSA_TRAMITE(COD_GLOSA_TRAMITE, TIPO_SOLICITUD_MOD_ID, MENSAJE, ORDEN, ACTIVO, USUARIO_CREA, FECHA_CREA)
        VALUES('GL_VPERMAT', V_TIPO_SOLICITUD_MOD_ID_AC, 'El alumno se encuentra matriculado en el periodo actual.', 1, 1, C_USER, SYSDATE);

        INSERT INTO WFW_GLOSA_TRAMITE(COD_GLOSA_TRAMITE, TIPO_SOLICITUD_MOD_ID, MENSAJE, ORDEN, ACTIVO, USUARIO_CREA, FECHA_CREA)
        VALUES('GL_VPERSOL', V_TIPO_SOLICITUD_MOD_ID_AC, 'El alumno ya tiene registrada una solicitud de permisos de matricula para el periodo actual.', 1, 1, C_USER, SYSDATE);

        INSERT INTO WFW_GLOSA_TRAMITE(COD_GLOSA_TRAMITE, TIPO_SOLICITUD_MOD_ID, MENSAJE, ORDEN, ACTIVO, USUARIO_CREA, FECHA_CREA)
        VALUES('GL_REQBAJA', V_TIPO_SOLICITUD_MOD_ID_AC, 'El alumno presenta baja académica.', 1, 1, C_USER, SYSDATE);

        INSERT INTO WFW_GLOSA_TRAMITE(COD_GLOSA_TRAMITE, TIPO_SOLICITUD_MOD_ID, MENSAJE, ORDEN, ACTIVO, USUARIO_CREA, FECHA_CREA)
        VALUES('GL_REQEGR', V_TIPO_SOLICITUD_MOD_ID_AC, 'La condición de alumno se encuentra como Egresado.', 1, 1, C_USER, SYSDATE);                

        INSERT INTO WFW_GLOSA_TRAMITE(COD_GLOSA_TRAMITE, TIPO_SOLICITUD_MOD_ID, MENSAJE, ORDEN, ACTIVO, USUARIO_CREA, FECHA_CREA)
        VALUES('GL_PERMANE', V_TIPO_SOLICITUD_MOD_ID_AC, 'El alumno no tiene carta de permanencia registrada.', 1, 1, C_USER, SYSDATE);                     

        INSERT INTO WFW_GLOSA_TRAMITE(COD_GLOSA_TRAMITE, TIPO_SOLICITUD_MOD_ID, MENSAJE, ORDEN, ACTIVO, USUARIO_CREA, FECHA_CREA)
        VALUES('GL_CARGAHA', V_TIPO_SOLICITUD_MOD_ID_AC, 'El alumno no tiene carga hábil para el periodo actual.', 1, 1, C_USER, SYSDATE);

        INSERT INTO WFW_GLOSA_TRAMITE(COD_GLOSA_TRAMITE, TIPO_SOLICITUD_MOD_ID, MENSAJE, ORDEN, ACTIVO, USUARIO_CREA, FECHA_CREA)
        VALUES('GL_SERVICE', V_TIPO_SOLICITUD_MOD_ID_AC, 'Ocurrio un problema con los datos, comunicarse con ITI Service.', 1, 1, C_USER, SYSDATE); 

        INSERT INTO WFW_GLOSA_TRAMITE(COD_GLOSA_TRAMITE, TIPO_SOLICITUD_MOD_ID, MENSAJE, ORDEN, ACTIVO, USUARIO_CREA, FECHA_CREA)
        VALUES('GL_CREDITA', V_TIPO_SOLICITUD_MOD_ID_AC, 'El alumno ya superó la carga minima de créditos.Por ello, no es posible registrar el trámite.', 1, 1, C_USER, SYSDATE);      

        INSERT INTO WFW_GLOSA_TRAMITE(COD_GLOSA_TRAMITE, TIPO_SOLICITUD_MOD_ID, MENSAJE, ORDEN, ACTIVO, USUARIO_CREA, FECHA_CREA)
        VALUES('GL_ASIGNAT', V_TIPO_SOLICITUD_MOD_ID_AC, 'El alumno ya superó la carga minima de cursos.Por ello, no es posible registrar el trámite.', 1, 1, C_USER, SYSDATE);           

        INSERT INTO WFW_GLOSA_TRAMITE(COD_GLOSA_TRAMITE, TIPO_SOLICITUD_MOD_ID, MENSAJE, ORDEN, ACTIVO, USUARIO_CREA, FECHA_CREA)
        VALUES('GL_DESPTIT', V_TIPO_SOLICITUD_MOD_ID_AC, 'HABILITACIÓN DE CURSOS POR DISPERSIÓN DE NIVELES.', 1, 1, C_USER, SYSDATE);                

        INSERT INTO WFW_GLOSA_TRAMITE(COD_GLOSA_TRAMITE, TIPO_SOLICITUD_MOD_ID, MENSAJE, ORDEN, ACTIVO, USUARIO_CREA, FECHA_CREA)
        VALUES('GL_DESPDET', V_TIPO_SOLICITUD_MOD_ID_AC, 'Solo podrás visualizar los cursos que cumplas con el prerrequisito(s) y se encuentren dentro de los 04 niveles de dispersión.', 1, 1, C_USER, SYSDATE); 

        INSERT INTO WFW_GLOSA_TRAMITE(COD_GLOSA_TRAMITE, TIPO_SOLICITUD_MOD_ID, MENSAJE, ORDEN, ACTIVO, USUARIO_CREA, FECHA_CREA)
        VALUES('GL_CURHABI', V_TIPO_SOLICITUD_MOD_ID_AC, 'No cuenta con cursos habilitados.', 1, 1, C_USER, SYSDATE);

        INSERT INTO WFW_GLOSA_TRAMITE(COD_GLOSA_TRAMITE, TIPO_SOLICITUD_MOD_ID, MENSAJE, ORDEN, ACTIVO, USUARIO_CREA, FECHA_CREA)
        VALUES('GL_CUARTAV', V_TIPO_SOLICITUD_MOD_ID_AC, 'Alumno con carta de permanencia vigente por tener pendiente de aprobación un curso por cuarta vez.', 1, 1, C_USER, SYSDATE);

        -- FC
        -- Inicio Glosas obligatorias
        INSERT INTO WFW_GLOSA_TRAMITE(COD_GLOSA_TRAMITE, TIPO_SOLICITUD_MOD_ID, MENSAJE, ORDEN, ACTIVO, USUARIO_CREA, FECHA_CREA)
        VALUES('GL_VALTRA5', V_TIPO_SOLICITUD_MOD_ID_FC, 'Este trámite no se encuentra vigente. Fecha de vigencia [FCHV1] - [FCHV2].', 1, 1, C_USER, SYSDATE);

        INSERT INTO WFW_GLOSA_TRAMITE(COD_GLOSA_TRAMITE, TIPO_SOLICITUD_MOD_ID, MENSAJE, ORDEN, ACTIVO, USUARIO_CREA, FECHA_CREA)
        VALUES('GL_CREATR6', V_TIPO_SOLICITUD_MOD_ID_FC, 'Puedes verificar que tu trámite se encuentra registrado, ingresando a MI UPC/ Mis trámites/ Tramites en curso.', 1, 1, C_USER, SYSDATE);

        -- Fin Glosas obligatorias

        INSERT INTO WFW_GLOSA_TRAMITE(COD_GLOSA_TRAMITE, TIPO_SOLICITUD_MOD_ID, MENSAJE, ORDEN, ACTIVO, USUARIO_CREA, FECHA_CREA)
        VALUES('GL_INF01', V_TIPO_SOLICITUD_MOD_ID_PAD_FC, 'SOLICITUD DE PERMISOS PARA MATRÍCULA', 1, 1, C_USER, SYSDATE);

        INSERT INTO WFW_GLOSA_TRAMITE(COD_GLOSA_TRAMITE, TIPO_SOLICITUD_MOD_ID, MENSAJE, ORDEN, ACTIVO, USUARIO_CREA, FECHA_CREA)
        VALUES('GL_REQUISI', V_TIPO_SOLICITUD_MOD_ID_FC, 'Ud. no cuenta con los requisitos suficientes', 1, 1, C_USER, SYSDATE);

        INSERT INTO WFW_GLOSA_TRAMITE(COD_GLOSA_TRAMITE, TIPO_SOLICITUD_MOD_ID, MENSAJE, ORDEN, ACTIVO, USUARIO_CREA, FECHA_CREA)
        VALUES('GL_VPERMAT', V_TIPO_SOLICITUD_MOD_ID_FC, 'El alumno se encuentra matriculado en el periodo actual.', 1, 1, C_USER, SYSDATE);

        INSERT INTO WFW_GLOSA_TRAMITE(COD_GLOSA_TRAMITE, TIPO_SOLICITUD_MOD_ID, MENSAJE, ORDEN, ACTIVO, USUARIO_CREA, FECHA_CREA)
        VALUES('GL_VPERSOL', V_TIPO_SOLICITUD_MOD_ID_FC, 'El alumno ya tiene registrada una solicitud de permisos de matricula para el periodo actual.', 1, 1, C_USER, SYSDATE);

        INSERT INTO WFW_GLOSA_TRAMITE(COD_GLOSA_TRAMITE, TIPO_SOLICITUD_MOD_ID, MENSAJE, ORDEN, ACTIVO, USUARIO_CREA, FECHA_CREA)
        VALUES('GL_REQBAJA', V_TIPO_SOLICITUD_MOD_ID_FC, 'El alumno presenta baja académica.', 1, 1, C_USER, SYSDATE);

        INSERT INTO WFW_GLOSA_TRAMITE(COD_GLOSA_TRAMITE, TIPO_SOLICITUD_MOD_ID, MENSAJE, ORDEN, ACTIVO, USUARIO_CREA, FECHA_CREA)
        VALUES('GL_REQEGR', V_TIPO_SOLICITUD_MOD_ID_FC, 'La condición de alumno se encuentra como Egresado.', 1, 1, C_USER, SYSDATE);                

        INSERT INTO WFW_GLOSA_TRAMITE(COD_GLOSA_TRAMITE, TIPO_SOLICITUD_MOD_ID, MENSAJE, ORDEN, ACTIVO, USUARIO_CREA, FECHA_CREA)
        VALUES('GL_PERMANE', V_TIPO_SOLICITUD_MOD_ID_FC, 'El alumno no tiene carta de permanencia registrada.', 1, 1, C_USER, SYSDATE);                          

        INSERT INTO WFW_GLOSA_TRAMITE(COD_GLOSA_TRAMITE, TIPO_SOLICITUD_MOD_ID, MENSAJE, ORDEN, ACTIVO, USUARIO_CREA, FECHA_CREA)
        VALUES('GL_CARGAHA', V_TIPO_SOLICITUD_MOD_ID_FC, 'El alumno no tiene carga hábil para el periodo actual.', 1, 1, C_USER, SYSDATE);

        INSERT INTO WFW_GLOSA_TRAMITE(COD_GLOSA_TRAMITE, TIPO_SOLICITUD_MOD_ID, MENSAJE, ORDEN, ACTIVO, USUARIO_CREA, FECHA_CREA)
        VALUES('GL_SERVICE', V_TIPO_SOLICITUD_MOD_ID_FC, 'Ocurrio un problema con los datos, comunicarse con ITI Service.', 1, 1, C_USER, SYSDATE);      

        INSERT INTO WFW_GLOSA_TRAMITE(COD_GLOSA_TRAMITE, TIPO_SOLICITUD_MOD_ID, MENSAJE, ORDEN, ACTIVO, USUARIO_CREA, FECHA_CREA)
        VALUES('GL_CREDITA', V_TIPO_SOLICITUD_MOD_ID_FC, 'El alumno ya superó la carga minima de créditos.Por ello, no es posible registrar el trámite.', 1, 1, C_USER, SYSDATE);           

        INSERT INTO WFW_GLOSA_TRAMITE(COD_GLOSA_TRAMITE, TIPO_SOLICITUD_MOD_ID, MENSAJE, ORDEN, ACTIVO, USUARIO_CREA, FECHA_CREA)
        VALUES('GL_ASIGNAT', V_TIPO_SOLICITUD_MOD_ID_FC, 'El alumno ya superó la carga minima de cursos.Por ello, no es posible registrar el trámite.', 1, 1, C_USER, SYSDATE);        

        INSERT INTO WFW_GLOSA_TRAMITE(COD_GLOSA_TRAMITE, TIPO_SOLICITUD_MOD_ID, MENSAJE, ORDEN, ACTIVO, USUARIO_CREA, FECHA_CREA)
        VALUES('GL_DESPTIT', V_TIPO_SOLICITUD_MOD_ID_FC, 'HABILITACIÓN DE CURSOS POR DISPERSIÓN DE NIVELES.', 1, 1, C_USER, SYSDATE);                

        INSERT INTO WFW_GLOSA_TRAMITE(COD_GLOSA_TRAMITE, TIPO_SOLICITUD_MOD_ID, MENSAJE, ORDEN, ACTIVO, USUARIO_CREA, FECHA_CREA)
        VALUES('GL_DESPDET', V_TIPO_SOLICITUD_MOD_ID_FC, 'Solo podrás visualizar los cursos que cumplas con el prerrequisito(s) y se encuentren dentro de los 04 niveles de dispersión.', 1, 1, C_USER, SYSDATE);      

        INSERT INTO WFW_GLOSA_TRAMITE(COD_GLOSA_TRAMITE, TIPO_SOLICITUD_MOD_ID, MENSAJE, ORDEN, ACTIVO, USUARIO_CREA, FECHA_CREA)
        VALUES('GL_CURHABI', V_TIPO_SOLICITUD_MOD_ID_FC, 'No cuenta con cursos habilitados.', 1, 1, C_USER, SYSDATE);

        INSERT INTO WFW_GLOSA_TRAMITE(COD_GLOSA_TRAMITE, TIPO_SOLICITUD_MOD_ID, MENSAJE, ORDEN, ACTIVO, USUARIO_CREA, FECHA_CREA)
        VALUES('GL_CUARTAV', V_TIPO_SOLICITUD_MOD_ID_FC, 'Alumno con carta de permanencia vigente por tener pendiente de aprobación un curso por cuarta vez.', 1, 1, C_USER, SYSDATE);

        ---------------------------
        --  TIPO SOL CONFIG --
        ---------------------------
        -- AC
        INSERT INTO WFW_TIPO_SOL_CONFIG(TIPO_SOLICITUD_MOD_ID, FLAG_ENCUESTA, FLAG_PAGO, TIPO_PAGO, FLAG_ENTREGA, FLAG_REACTIVAR, FLAG_EXCEPCION, FLAG_CORREO_ALT, MAX_NUM_COPIAS, TARIFA, CODIGO_SPRINT, COD_DIRE, COD_AREA, PLAZO_ENTREGA, CANTIDAD_COPIAS_DEL, CANTIDAD_COPIAS_AL, ACTIVO, USUARIO_CREA, FECHA_CREA)
        VALUES(V_TIPO_SOLICITUD_MOD_ID_AC, 0, 1, C_TIPO_PAGO, 0, 0, 0, 0, V_MAX_NUM_COPIAS, CAST('0' AS NUMBER(10,3)), C_CODIGO_SPRINT, '042', '001', 40, 0, 0, 1, C_USER, SYSDATE);

        -- FC
        INSERT INTO WFW_TIPO_SOL_CONFIG(TIPO_SOLICITUD_MOD_ID, FLAG_ENCUESTA, FLAG_PAGO, TIPO_PAGO, FLAG_ENTREGA, FLAG_REACTIVAR, FLAG_EXCEPCION, FLAG_CORREO_ALT, MAX_NUM_COPIAS, TARIFA, CODIGO_SPRINT, COD_DIRE, COD_AREA, PLAZO_ENTREGA, CANTIDAD_COPIAS_DEL, CANTIDAD_COPIAS_AL, ACTIVO, USUARIO_CREA, FECHA_CREA)
        VALUES(V_TIPO_SOLICITUD_MOD_ID_FC, 0, 1, C_TIPO_PAGO, 0, 0, 0, 0, V_MAX_NUM_COPIAS, CAST('0' AS NUMBER(10,3)), C_CODIGO_SPRINT, '042', '001', 40, 0, 0, 1, C_USER, SYSDATE);

        --------------------------
        --  AVISO TIPO SOL --
        --------------------------
        -- AC
        INSERT INTO WFW_AVISO_TIPO_SOL(COD_AVISO, TIPO_SOLICITUD_MOD_ID, MENSAJE, NOMBRE_ICONO, RUTA_ICONO, ORDEN, TITULO, ACTIVO, USUARIO_CREA, FECHA_CREA)
        VALUES('DEFTSOL', V_TIPO_SOLICITUD_MOD_ID_AC, 'Permite llevar cursos por dispersión de cuatro niveles.', 'definicion.png', 'definicion.png', 1, 'Definición:', 1, C_USER, SYSDATE);

        INSERT INTO WFW_AVISO_TIPO_SOL(COD_AVISO, TIPO_SOLICITUD_MOD_ID, MENSAJE, NOMBRE_ICONO, RUTA_ICONO, ORDEN, TITULO, ACTIVO, USUARIO_CREA, FECHA_CREA) 
        VALUES('DIRTSOL', V_TIPO_SOLICITUD_MOD_ID_AC, 'Alumnos Pregrado / Pregrado EPE.', 'dirigido-a.png', 'dirigido-a.png', 2, 'Dirigido a:', 1, C_USER, SYSDATE);

        INSERT INTO WFW_AVISO_TIPO_SOL(COD_AVISO, TIPO_SOLICITUD_MOD_ID, MENSAJE, NOMBRE_ICONO, RUTA_ICONO, ORDEN, TITULO, ACTIVO, USUARIO_CREA, FECHA_CREA)
        VALUES('TIETSOL', V_TIPO_SOLICITUD_MOD_ID_AC, '1 día.', 'tiempo.png', 'tiempo.png', 3, 'Tiempo:', 1, C_USER, SYSDATE);

        INSERT INTO WFW_AVISO_TIPO_SOL(COD_AVISO, TIPO_SOLICITUD_MOD_ID, MENSAJE, NOMBRE_ICONO, RUTA_ICONO, ORDEN, TITULO, ACTIVO, USUARIO_CREA, FECHA_CREA)
        VALUES('COSTSOL', V_TIPO_SOLICITUD_MOD_ID_AC, 'Gratuito.', 'costo.png', 'costo.png', 5, 'Precio del trámite:', 1, C_USER, SYSDATE);

        INSERT INTO WFW_AVISO_TIPO_SOL(COD_AVISO, TIPO_SOLICITUD_MOD_ID, MENSAJE, NOMBRE_ICONO, RUTA_ICONO, ORDEN, TITULO, ACTIVO, USUARIO_CREA, FECHA_CREA)
        VALUES('CONTSOL', V_TIPO_SOLICITUD_MOD_ID_AC, 'Verifica que tu trámite haya sido procesado a través de  Mi UPC /Mis tramites/Tramites en curso', 'consideraciones.png', 'consideraciones.png', 9, 'Consideraciones:', 1, C_USER, SYSDATE);

        INSERT INTO WFW_AVISO_TIPO_SOL(COD_AVISO, TIPO_SOLICITUD_MOD_ID, MENSAJE, NOMBRE_ICONO, RUTA_ICONO, ORDEN, TITULO, ACTIVO, USUARIO_CREA, FECHA_CREA)
        VALUES('CONTSOL-02', V_TIPO_SOLICITUD_MOD_ID_AC, 'Todas las solicitudes relacionadas con el proceso deberán ser realizadas a través de nuestro canal de atención: Contacto Web.', NULL , NULL , 10, NULL , 1, C_USER, SYSDATE);

        INSERT INTO WFW_AVISO_TIPO_SOL(COD_AVISO, TIPO_SOLICITUD_MOD_ID, MENSAJE, NOMBRE_ICONO, RUTA_ICONO, ORDEN, TITULO, ACTIVO, USUARIO_CREA, FECHA_CREA) 
        VALUES('CONTSOL-02', V_TIPO_SOLICITUD_MOD_ID_AC, 'Recuerda que tienes a tu disposición el WhatsApp UPC: 967756853/967756856, canal exclusivo para desbloqueo de cuentas.', NULL, NULL, 11 , NULL, 1, C_USER, SYSDATE);

        -- FC

        INSERT INTO WFW_AVISO_TIPO_SOL(COD_AVISO, TIPO_SOLICITUD_MOD_ID, MENSAJE, NOMBRE_ICONO, RUTA_ICONO, ORDEN, TITULO, ACTIVO, USUARIO_CREA, FECHA_CREA)
        VALUES('DEFTSOL', V_TIPO_SOLICITUD_MOD_ID_FC, 'Permite llevar cursos por dispersión de cuatro niveles.', 'definicion.png', 'definicion.png', 1, 'Definición:', 1, C_USER, SYSDATE);

        INSERT INTO WFW_AVISO_TIPO_SOL(COD_AVISO, TIPO_SOLICITUD_MOD_ID, MENSAJE, NOMBRE_ICONO, RUTA_ICONO, ORDEN, TITULO, ACTIVO, USUARIO_CREA, FECHA_CREA) 
        VALUES('DIRTSOL', V_TIPO_SOLICITUD_MOD_ID_FC, 'Alumnos Pregrado / Pregrado EPE.', 'dirigido-a.png', 'dirigido-a.png', 2, 'Dirigido a:', 1, C_USER, SYSDATE);

        INSERT INTO WFW_AVISO_TIPO_SOL(COD_AVISO, TIPO_SOLICITUD_MOD_ID, MENSAJE, NOMBRE_ICONO, RUTA_ICONO, ORDEN, TITULO, ACTIVO, USUARIO_CREA, FECHA_CREA)
        VALUES('TIETSOL', V_TIPO_SOLICITUD_MOD_ID_FC, '1 día.', 'tiempo.png', 'tiempo.png', 3, 'Tiempo:', 1, C_USER, SYSDATE);

        INSERT INTO WFW_AVISO_TIPO_SOL(COD_AVISO, TIPO_SOLICITUD_MOD_ID, MENSAJE, NOMBRE_ICONO, RUTA_ICONO, ORDEN, TITULO, ACTIVO, USUARIO_CREA, FECHA_CREA)
        VALUES('COSTSOL', V_TIPO_SOLICITUD_MOD_ID_FC, 'Gratuito.', 'costo.png', 'costo.png', 5, 'Precio del trámite:', 1, C_USER, SYSDATE);

        INSERT INTO WFW_AVISO_TIPO_SOL(COD_AVISO, TIPO_SOLICITUD_MOD_ID, MENSAJE, NOMBRE_ICONO, RUTA_ICONO, ORDEN, TITULO, ACTIVO, USUARIO_CREA, FECHA_CREA)
        VALUES('CONTSOL', V_TIPO_SOLICITUD_MOD_ID_FC, 'Verifica que tu trámite haya sido procesado a través de  Mi UPC /Mis tramites/Tramites en curso', 'consideraciones.png', 'consideraciones.png', 9, 'Consideraciones:', 1, C_USER, SYSDATE);

        INSERT INTO WFW_AVISO_TIPO_SOL(COD_AVISO, TIPO_SOLICITUD_MOD_ID, MENSAJE, NOMBRE_ICONO, RUTA_ICONO, ORDEN, TITULO, ACTIVO, USUARIO_CREA, FECHA_CREA)
        VALUES('CONTSOL-02', V_TIPO_SOLICITUD_MOD_ID_FC, 'Todas las solicitudes relacionadas con el proceso deberán ser realizadas a través de nuestro canal de atención: Contacto Web.', NULL , NULL , 10, NULL , 1, C_USER, SYSDATE);

        INSERT INTO WFW_AVISO_TIPO_SOL(COD_AVISO, TIPO_SOLICITUD_MOD_ID, MENSAJE, NOMBRE_ICONO, RUTA_ICONO, ORDEN, TITULO, ACTIVO, USUARIO_CREA, FECHA_CREA) 
        VALUES('CONTSOL-02', V_TIPO_SOLICITUD_MOD_ID_FC, 'Recuerda que tienes a tu disposición el WhatsApp UPC: 967756853/967756856, canal exclusivo para desbloqueo de cuentas.', NULL, NULL, 11 , NULL, 1, C_USER, SYSDATE);

        ---------------------
        --  ACTIVIDAD --
        ---------------------
        INSERT INTO WFW_ACTIVIDAD(TIPO_SOLICITUD_ID, ACTIVIDAD_PRED_ID, ACTIVIDAD_SUCE_ID, NOMBRE, DESCRIPCION, TIEMPO_RESPUESTA, USR_RESPONSABLE, TIEMPO_RESP_EXTERNO, TIPO_ACTIVIDAD, FLAG_EDIGLOSA, FLAG_COMENTARIO, ATRIBUTO_COMENTARIO, ESTADO_DOC_AL_INI_ACT, ESTADO_DOC_AL_FIN_ACT, FLAG_ESTADO, ESTADO_DOC_AL_FIN_FLUJO, ACTIVO, USUARIO_CREA, FECHA_CREA)
        VALUES(V_TIPO_SOLICITUD_ID, 0, 0, 'REGISTRO TRAMITE ' || V_COD_TIPO_SOL, 'REGISTRO TRAMITE ' || V_COD_TIPO_SOL, 0, 0, 0, 4, '1', '0', NULL, NULL, NULL, 1, 0, 1, C_USER, SYSDATE);
        SELECT WFWSQ_ACTIVIDAD_ID.CURRVAL INTO V_ACTIVIDAD_ID_REGISTRO FROM DUAL;     

        INSERT INTO WFW_ACTIVIDAD(TIPO_SOLICITUD_ID, ACTIVIDAD_PRED_ID, ACTIVIDAD_SUCE_ID, NOMBRE, DESCRIPCION, TIEMPO_RESPUESTA, USR_RESPONSABLE, TIEMPO_RESP_EXTERNO, TIPO_ACTIVIDAD, FLAG_EDIGLOSA, FLAG_COMENTARIO, ATRIBUTO_COMENTARIO, ESTADO_DOC_AL_INI_ACT, ESTADO_DOC_AL_FIN_ACT, FLAG_ESTADO, ESTADO_DOC_AL_FIN_FLUJO, ACTIVO, USUARIO_CREA, FECHA_CREA)
        VALUES(V_TIPO_SOLICITUD_ID, 88, 0, 'EVALUACION DIRECTOR ' || V_COD_TIPO_SOL, 'EVALUACION DIRECTOR ' || V_COD_TIPO_SOL, 3, 0, 3, 3, '1', '1', NULL, 0, 0, 3, 0, 1, C_USER, SYSDATE);
        SELECT WFWSQ_ACTIVIDAD_ID.CURRVAL INTO V_ACTIVIDAD_ID_EVAL_DIRECTOR FROM DUAL;

        -- SE REALIZAN LOS UPDATE A LOS CODIGOS 88 CON SUS PRED. Y SUCE.
        MERGE INTO WFW_ACTIVIDAD T1
        USING
        (
            SELECT 
            CASE WHEN ACTIVIDAD_PRED_ID > 0 THEN ACTIVIDAD_ID - 1 ELSE ACTIVIDAD_PRED_ID END PRED,
            CASE WHEN ACTIVIDAD_SUCE_ID > 0 THEN ACTIVIDAD_ID + 1 ELSE ACTIVIDAD_SUCE_ID END SUCE,
            ACTIVIDAD_ID
            FROM WFW_ACTIVIDAD AA
            WHERE AA.TIPO_SOLICITUD_ID = V_TIPO_SOLICITUD_ID
            ORDER BY TIPO_SOLICITUD_ID ASC, FLAG_ESTADO ASC
        ) T2
        ON (T1.TIPO_SOLICITUD_ID = V_TIPO_SOLICITUD_ID AND T1.ACTIVIDAD_ID = T2.ACTIVIDAD_ID)
        WHEN MATCHED THEN
            UPDATE
            SET
            T1.ACTIVIDAD_PRED_ID = T2.PRED,
            T1.ACTIVIDAD_SUCE_ID = T2.SUCE;
        
        -------------------   
        --  NOTIFICACION --
        -------------------

        for m in cur_modalidad loop       
            INSERT INTO WFW_NOTIFICACION (ACTIVIDAD_ID,ESTADO_ID,NOMBRE,TIEMPO_POST,TIEMPO_PRE,ASUNTO,MENSAJE,ACTIVO,USUARIO_CREA,FECHA_CREA,CODIGO_NOTIF,COD_LINEA_NEGOCIO,COD_MODAL_ESTUDIO,DESC_LINEA_NEGOCIO,DESC_MODAL_ESTUDIO)
            VALUES (V_ACTIVIDAD_ID_REGISTRO,(SELECT ESTADO_ID FROM WFW_ESTADO WHERE UPPER(GRUPO) = 'ACTIVIDAD' AND UPPER(VALOR) = 'TERMINADA'),'NOT REGISTRO TRAM ' || V_COD_TIPO_SOL,0,0,'Solicitud de ' || V_NOMBRE_TRAMITE_NOTIF,
            '<p>[codigoalumno] - [nombrealumno]</p>
            <p>Su solicitud N° [codigosol], de “Permiso de Matrícula – Dispersión de Niveles”<br>
            realizado el [fechasol], se registró satisfactoriamente.</p>
            <table border="1" cellpadding="4" cellspacing="1" bordercolor="#000000" style="border-collapse:collapse;border-color:#ddd;"><tr><td>CURSO</td><td>CARRERA</td><td>ESTADO</td></tr>[grillacursos]</table>
            <p>Por favor, esperar la evaluación realizada por el área correspondiente.</p>
            <p>Atentamente,</p>
            <p><strong>Gestión Curricular, Programación Horaria y Matrícula</strong></p>','1',C_USER,SYSDATE,null,'U',m.COD_MODAL_EST,'UPC',m.NOMBRE);

            INSERT INTO WFW_NOTIFICACION (ACTIVIDAD_ID,ESTADO_ID,NOMBRE,TIEMPO_POST,TIEMPO_PRE,ASUNTO,MENSAJE,ACTIVO,USUARIO_CREA,FECHA_CREA,CODIGO_NOTIF,COD_LINEA_NEGOCIO,COD_MODAL_ESTUDIO,DESC_LINEA_NEGOCIO,DESC_MODAL_ESTUDIO)
            VALUES (V_ACTIVIDAD_ID_EVAL_DIRECTOR,(SELECT ESTADO_ID FROM WFW_ESTADO WHERE UPPER(GRUPO) = 'ACTIVIDAD' AND UPPER(VALOR) = 'PENDIENTE'),'NOT EVALUACION REENVIO DIRECTOR ' || V_COD_TIPO_SOL,0,0,'Solicitud pendiente de evaluación - ' || V_NOMBRE_TRAMITE_NOTIF,
            '<p>[codigoalumno] - [nombrealumno]</p>
            <p>Su solicitud N° [codigosol], de “Permiso de Matrícula – Dispersión de Niveles”<br>
            realizado el [fechasol], se registró satisfactoriamente.</p>
            <table border="1" cellpadding="4" cellspacing="1" bordercolor="#000000" style="border-collapse:collapse;border-color:#ddd;"><tr><td>CURSO</td><td>CARRERA</td><td>ESTADO</td></tr>[grillacursos]</table>
            <p>Por favor, esperar la evaluación realizada por el área correspondiente.</p>
            <p>Atentamente,</p>
            <p><strong>Gestión Curricular, Programación Horaria y Matrícula</strong></p>','1',C_USER,SYSDATE,'TRENV','U',m.COD_MODAL_EST,'UPC',m.NOMBRE);
        end loop;

        ---------------------------------
        --  WFW_NOTF_DESTINATARIO --
        ---------------------------------
        -- AC --
        -- ALUMNO_UPC --
        INSERT INTO WFW_NOTF_DESTINATARIO(NOTIFICACION_ID, USUARIO_ID, ROL_ID, FLAG_SOLICITANTE, ACTIVO, USUARIO_CREA, FECHA_CREA)
        VALUES((SELECT NOTIFICACION_ID FROM WFW_NOTIFICACION WHERE NOMBRE = 'NOT REGISTRO TRAM ' || V_COD_TIPO_SOL AND COD_MODAL_ESTUDIO = 'AC'), 0, (SELECT ROL_ID FROM WFW_ROL WHERE NOMBRE = C_ROL_ALUMNO), 0, 1, C_USER, SYSDATE);

        -- DIRECTOR CDA --
        INSERT INTO WFW_NOTF_DESTINATARIO(NOTIFICACION_ID, USUARIO_ID, ROL_ID, FLAG_SOLICITANTE, ACTIVO, USUARIO_CREA, FECHA_CREA)
        VALUES((SELECT NOTIFICACION_ID FROM WFW_NOTIFICACION WHERE NOMBRE = 'NOT EVALUACION REENVIO DIRECTOR ' || V_COD_TIPO_SOL AND COD_MODAL_ESTUDIO = 'AC'), 0, (SELECT ROL_ID FROM WFW_ROL WHERE NOMBRE = C_ROL_DIRECTOR), 0, 1, C_USER, SYSDATE);

        -- FC --
        -- ALUMNO_UPC --
        INSERT INTO WFW_NOTF_DESTINATARIO(NOTIFICACION_ID, USUARIO_ID, ROL_ID, FLAG_SOLICITANTE, ACTIVO, USUARIO_CREA, FECHA_CREA)
        VALUES((SELECT NOTIFICACION_ID FROM WFW_NOTIFICACION WHERE NOMBRE = 'NOT REGISTRO TRAM ' || V_COD_TIPO_SOL AND COD_MODAL_ESTUDIO = 'FC'), 0, (SELECT ROL_ID FROM WFW_ROL WHERE NOMBRE = C_ROL_ALUMNO), 0, 1, C_USER, SYSDATE);

        -- DIRECTOR CDA --
        INSERT INTO WFW_NOTF_DESTINATARIO(NOTIFICACION_ID, USUARIO_ID, ROL_ID, FLAG_SOLICITANTE, ACTIVO, USUARIO_CREA, FECHA_CREA)
        VALUES((SELECT NOTIFICACION_ID FROM WFW_NOTIFICACION WHERE NOMBRE = 'NOT EVALUACION REENVIO DIRECTOR ' || V_COD_TIPO_SOL AND COD_MODAL_ESTUDIO = 'FC'), 0, (SELECT ROL_ID FROM WFW_ROL WHERE NOMBRE = C_ROL_DIRECTOR), 0, 1, C_USER, SYSDATE);

        --------------------------------
        --  NOTIFICACION TRÁMITE --
        --------------------------------

        for m in cur_modalidad loop  
            for e in cur_estado_sol loop
                INSERT INTO WFW_NOTF_TRAMITE (TIPO_SOLICITUD_ID,ESTADO_ID,NOMBRE,TIEMPO_POST,TIEMPO_PRE,ASUNTO,MENSAJE,ACTIVO,USUARIO_CREA,USUARIO_MOD,FECHA_CREA,FECHA_MOD,CODIGO_NOTIF,COD_LINEA_NEGOCIO,COD_MODAL_ESTUDIO,DESC_LINEA_NEGOCIO,DESC_MODAL_ESTUDIO)
                VALUES (V_TIPO_SOLICITUD_ID,(SELECT ESTADO_ID FROM WFW_ESTADO WHERE UPPER(GRUPO) = 'SOLICITUD' AND UPPER(VALOR) = e.ESTADO),'NOT ' || V_COD_TIPO_SOL || ' ' || e.SUBESTADO,0,0,'Respuesta de la solicitud de ' || V_NOMBRE_TRAMITE_NOTIF,
                '<p>[codigoalumno] - [nombrealumno]</p>
                <p>Su solicitud N° [codigosol], de “Permisos de Matrícula – Dispersión de Niveles”<br>
                realizado el [fechasol], ha sido aprobada para el periodo [semestre_periodo] en los siguientes cursos:</p>
                <table border="1" cellpadding="1" cellspacing="1" bordercolor="#000000" style="border-collapse:collapse;border-color:#ddd;"><tr><td>CURSO<td/><td>CARRERA<td/><td>ESTADO<td/></tr>[grillacursos]</table>
                <p>Para obtener más información sobre la solicitud, haz click [link]</p>        
                <p>Atentamente,</p>
                <p><strong>Gestión Curricular, Programación Horaria y Matrícula</strong></p>','1',C_USER,null,SYSDATE,NULL,'TPROC','U',m.COD_MODAL_EST,'UPC',m.NOMBRE);
            
                INSERT INTO WFW_NOTF_TRAMITE (TIPO_SOLICITUD_ID,ESTADO_ID,NOMBRE,TIEMPO_POST,TIEMPO_PRE,ASUNTO,MENSAJE,ACTIVO,USUARIO_CREA,USUARIO_MOD,FECHA_CREA,FECHA_MOD,CODIGO_NOTIF,COD_LINEA_NEGOCIO,COD_MODAL_ESTUDIO,DESC_LINEA_NEGOCIO,DESC_MODAL_ESTUDIO)
                VALUES (V_TIPO_SOLICITUD_ID,(SELECT ESTADO_ID FROM WFW_ESTADO WHERE UPPER(GRUPO) = 'SOLICITUD' AND UPPER(VALOR) = e.ESTADO),'NOT ' || V_COD_TIPO_SOL || ' ' || e.SUBESTADO,0,0,'Respuesta a la solicitud N° [codigoalumno] - ' || V_NOMBRE_TRAMITE_NOTIF,
                '<p><strong>Estimado Equipo de Matrícula,</strong></p>
                <p>La solicitud N° [codigosol] de “Permisos de Matrícula – Dispersión de Niveles”, registrado
                por el alumno [nombrealumno] con código [codigoalumno], el día [fechasol], ha sido aprobada para el periodo [semestre_periodo] en los siguientes cursos:</p>
                <table border="1" cellpadding="4" cellspacing="1" bordercolor="#000000" style="border-collapse:collapse;border-color:#ddd;"><tr><td align="center">CURSOS</td><td align="center">CARRERA</td><td align="center">ESTADO</td></tr>[grillacursos]</table>
                <p>Atentamente,</p>
                <p><strong>Sistema de Trámites</strong></p>','1',C_USER,null,SYSDATE,NULL,'TPROC','U',m.COD_MODAL_EST,'UPC','DIRECTOR DISP ' || m.COD_MODAL_EST);
            end loop;
        end loop;

        ---------------------------------
        --  WFW_NOTF_TRAMITE_DEST --
        ---------------------------------

        for m in cur_modalidad loop  
            for e in cur_estado_sol loop

                INSERT INTO WFW_NOTF_TRAMITE_DEST(NOTF_TRAMITE_ID, USUARIO_ID, ROL_ID, FLAG_SOLICITANTE, ACTIVO, USUARIO_CREA, FECHA_CREA)
                VALUES ((SELECT NOTF_TRAMITE_ID FROM WFW_NOTF_TRAMITE WHERE NOMBRE = 'NOT ' || V_COD_TIPO_SOL || ' ' || e.SUBESTADO AND COD_MODAL_ESTUDIO = m.COD_MODAL_EST AND DESC_MODAL_ESTUDIO = m.NOMBRE), 0, (SELECT ROL_ID FROM WFW_ROL WHERE NOMBRE = C_ROL_ALUMNO), 0, 1, C_USER, SYSDATE);

                INSERT INTO WFW_NOTF_TRAMITE_DEST(NOTF_TRAMITE_ID, USUARIO_ID, ROL_ID, FLAG_SOLICITANTE, ACTIVO, USUARIO_CREA, FECHA_CREA)
                VALUES ((SELECT NOTF_TRAMITE_ID FROM WFW_NOTF_TRAMITE WHERE NOMBRE = 'NOT ' || V_COD_TIPO_SOL || ' ' || e.SUBESTADO AND COD_MODAL_ESTUDIO = m.COD_MODAL_EST AND DESC_MODAL_ESTUDIO = 'DIRECTOR DISP ' || m.COD_MODAL_EST), 0, (SELECT ROL_ID FROM WFW_ROL WHERE NOMBRE = C_ROL_BANDEJA), 0, 1, C_USER, SYSDATE);

            end loop;
        end loop;

        -----------------------
        --  ROL ACT OPC --
        -----------------------
        INSERT INTO WFW_ROL_ACT_OPC(ROL_ID, ACTIVIDAD_ID, OPCION_ID, ACTIVO, USUARIO_CREA, FECHA_CREA)
        VALUES((SELECT ROL_ID FROM WFW_ROL WHERE TIPO_ROL_ID = 4 AND UPPER(NOMBRE) = C_ROL_DIRECTOR), V_ACTIVIDAD_ID_EVAL_DIRECTOR, (SELECT OPCION_ID FROM WFW_OPCION WHERE UPPER(NOMBRE) = 'APROBAR'), 1, C_USER, SYSDATE);

        INSERT INTO WFW_ROL_ACT_OPC(ROL_ID, ACTIVIDAD_ID, OPCION_ID, ACTIVO, USUARIO_CREA, FECHA_CREA)
        VALUES((SELECT ROL_ID FROM WFW_ROL WHERE TIPO_ROL_ID = 4 AND UPPER(NOMBRE) = C_ROL_DIRECTOR), V_ACTIVIDAD_ID_EVAL_DIRECTOR, (SELECT OPCION_ID FROM WFW_OPCION WHERE UPPER(NOMBRE) = 'RECHAZAR'), 1, C_USER, SYSDATE);

        INSERT INTO WFW_ROL_ACT_OPC(ROL_ID, ACTIVIDAD_ID, OPCION_ID, ACTIVO, USUARIO_CREA, FECHA_CREA)
        VALUES((SELECT ROL_ID FROM WFW_ROL WHERE TIPO_ROL_ID = 4 AND UPPER(NOMBRE) = C_ROL_DIRECTOR), V_ACTIVIDAD_ID_EVAL_DIRECTOR, (SELECT OPCION_ID FROM WFW_OPCION WHERE UPPER(NOMBRE) = 'GUARDAR SIN ENVIAR'), 1, C_USER, SYSDATE);

        INSERT INTO WFW_ROL_ACT_OPC(ROL_ID, ACTIVIDAD_ID, OPCION_ID, ACTIVO, USUARIO_CREA, FECHA_CREA)
        VALUES((SELECT ROL_ID FROM WFW_ROL WHERE TIPO_ROL_ID = 4 AND UPPER(NOMBRE) = C_ROL_DIRECTOR), V_ACTIVIDAD_ID_EVAL_DIRECTOR, (SELECT OPCION_ID FROM WFW_OPCION WHERE UPPER(NOMBRE) = 'RENDIR EXAMEN'), 1, C_USER, SYSDATE);

        INSERT INTO WFW_ROL_ACT_OPC(ROL_ID, ACTIVIDAD_ID, OPCION_ID, ACTIVO, USUARIO_CREA, FECHA_CREA)
        VALUES((SELECT ROL_ID FROM WFW_ROL WHERE TIPO_ROL_ID = 4 AND UPPER(NOMBRE) = C_ROL_DIRECTOR), V_ACTIVIDAD_ID_EVAL_DIRECTOR, (SELECT OPCION_ID FROM WFW_OPCION WHERE UPPER(NOMBRE) = 'V°B° VICERRECTOR'), 1, C_USER, SYSDATE);


        COMMIT;
    END;

    V_TIME_END := SYSTIMESTAMP;

    DBMS_OUTPUT.PUT_LINE('CARGA OK!!!' || to_char(sysdate,'DD/MM/YYYY HH:MI:SS'));
    DBMS_OUTPUT.PUT_LINE('TIEMPO: ' || (V_TIME_END - V_TIME_START));
    DBMS_OUTPUT.PUT_LINE(EXTRACT(SECOND FROM (V_TIME_END - V_TIME_START)) || ' SEGUNDOS');

    COMMIT;
EXCEPTION
    WHEN OTHERS THEN
        DBMS_OUTPUT.PUT_LINE('PROBLEMA: ' ||  'An error was encountered - '||SQLCODE||' -ERROR- '||SQLERRM||' '|| to_char(sysdate,'DD/MM/YYYY HH:MI:SS')  );
        ROLLBACK;
        RAISE;
END;